{
  "val_accuracy": 0.010937499813735485,
  "val_top5_accuracy": null,
  "val_loss": 4.592293739318848
}