{
  "val_accuracy": 0.01953125,
  "val_top5_accuracy": null,
  "val_loss": 4.591147422790527
}