{
  "val_accuracy": 0.9675738274464389,
  "val_top5_accuracy": 0.9895773016792125,
  "val_loss": 0.28729507327079773
}