{
  "val_accuracy": 0.9617834394904459,
  "val_top5_accuracy": 0.9895773016792125,
  "val_loss": 0.29247617721557617
}